snp	rsid	chrom_hg19	pos_hg19	in_apoe	in_17q2131	bp_unmatched	bp_assoc_5e8	keep_unrestricted	keep_bpindep_5e8	keep_bpindep_1e5	align	wmh_effect	wmh_other	ref	alt	bx	bxse	by	byse	F	r13_pval
rs4953671	rs4953671	2	43073548	FALSE	FALSE	FALSE	TRUE	TRUE	FALSE	FALSE	flip	G	T	G	T	0.0459102	0.007132	0.0178168	0.0236944	41.43770558247976	0.452086
rs7596872	rs7596872	2	56128091	FALSE	FALSE	FALSE	FALSE	TRUE	TRUE	TRUE	same	A	C	C	A	0.121317	0.0112368	0.0876851	0.0586506	116.5622769417526	0.134904
rs76122535	rs76122535	2	203664929	FALSE	FALSE	FALSE	FALSE	TRUE	TRUE	TRUE	flip	C	G	C	G	0.0671589	0.00985281	0.113391	0.034855	46.46082661621452	0.00114106
rs11711420	rs11711420	3	183349010	FALSE	FALSE	FALSE	FALSE	TRUE	TRUE	TRUE	flip	T	G	T	G	0.0572615	0.00763974	-0.00872448	0.0267871	56.17825997511682	0.744653
rs7733216	rs7733216	5	82857870	FALSE	FALSE	FALSE	FALSE	TRUE	TRUE	TRUE	same	C	T	T	C	0.0525522	0.00832774	-0.00915526	0.0247309	39.822405294193416	0.711238
rs275350	rs275350	6	151016058	FALSE	FALSE	FALSE	TRUE	TRUE	FALSE	FALSE	flip	C	G	C	G	0.0593096	0.0067609	-0.0228284	0.0226147	76.9557305525125	0.312759
rs2707466	rs2707466	7	120979089	FALSE	FALSE	FALSE	FALSE	TRUE	TRUE	TRUE	flip	C	T	C	T	0.0382082	0.00668279	-0.0165982	0.0228066	32.688690914145155	0.466747
rs17149723	rs17149723	8	8171487	FALSE	FALSE	FALSE	TRUE	TRUE	FALSE	FALSE	flip	G	A	G	A	0.0436418	0.00735832	0.0454557	0.0267423	35.17612275896982	0.0891764
rs4630220	rs4630220	10	105459116	FALSE	FALSE	FALSE	TRUE	TRUE	FALSE	FALSE	flip	G	A	G	A	0.057639	0.00744865	0.102803	0.026562	59.87944122931483	1.08698e-4
rs10883926	rs10883926	10	105608838	FALSE	FALSE	FALSE	FALSE	TRUE	TRUE	TRUE	same	A	G	G	A	0.0408093	0.00680101	-0.00523945	0.0239856	36.005717024902985	0.827085
rs17616633	rs17616633	16	51451683	FALSE	FALSE	FALSE	FALSE	TRUE	TRUE	TRUE	same	C	T	T	C	0.0451465	0.00674472	0.0498049	0.0226533	44.80436473622818	0.0279081
rs7199751	rs7199751	16	86609302	FALSE	FALSE	FALSE	FALSE	TRUE	TRUE	TRUE	same	T	C	C	T	0.0499982	0.00818107	0.0460868	0.0262571	37.349820726747275	0.0792228
rs4843553	rs4843553	16	87233185	FALSE	FALSE	FALSE	FALSE	TRUE	TRUE	TRUE	same	C	A	A	C	0.0480372	0.00677899	0.00479876	0.0225804	50.21406540951729	0.831703
rs1964703	rs1964703	17	19257124	FALSE	FALSE	TRUE	FALSE	TRUE	TRUE	TRUE	same	G	A	A	G	0.0545047	0.00858312	0.0299567	0.0279539	40.32529362461401	0.283879
rs4793173	rs4793173	17	43127715	FALSE	TRUE	FALSE	TRUE	TRUE	FALSE	FALSE	same	C	A	A	C	0.0552666	0.00693585	0.0694218	0.0227769	63.49303847830252	0.00230446
rs3744020	rs3744020	17	73871773	FALSE	FALSE	FALSE	TRUE	TRUE	FALSE	FALSE	same	A	G	G	A	0.110438	0.00852062	0.0890478	0.0326765	167.99434846385088	0.00642762
rs769449	rs769449	19	45410002	TRUE	FALSE	FALSE	FALSE	FALSE	FALSE	FALSE	same	A	G	G	A	0.0550774	0.0100817	0.583612	0.0299955	29.84553176219076	2.558e-84
