snp	rsid	chrom_hg19	pos_hg19	wmh_effect	wmh_other	bx	bxse	F	keep_unrestricted	keep_bpindep_5e8	keep_bpindep_1e5	in_apoe	in_17q2131	bp_assoc_5e8	bp_unmatched	r13_chrom	r13_pos	ref	alt	af_alt	beta_alt	sebeta	pval	align	by	byse	MAF	nsample	s	ncase	ncontrol	matched
rs4953671	rs4953671	2	43073548	G	T	0.0459102	0.007132	41.43770558247976	TRUE	FALSE	FALSE	FALSE	FALSE	TRUE	FALSE	2	42846408	G	T	0.343305	-0.0178168	0.0236944	0.452086	flip	0.0178168	0.0236944	0.343305	475334	0.0089494966	4254	471080	TRUE
rs7596872	rs7596872	2	56128091	A	C	0.121317	0.0112368	116.5622769417526	TRUE	TRUE	TRUE	FALSE	FALSE	FALSE	FALSE	2	55900956	C	A	0.0381444	0.0876851	0.0586506	0.134904	same	0.0876851	0.0586506	0.0381444	475334	0.0089494966	4254	471080	TRUE
rs76122535	rs76122535	2	203664929	C	G	0.0671589	0.00985281	46.46082661621452	TRUE	TRUE	TRUE	FALSE	FALSE	FALSE	FALSE	2	202800206	C	G	0.124049	-0.113391	0.034855	0.00114106	flip	0.113391	0.034855	0.124049	475334	0.0089494966	4254	471080	TRUE
rs11711420	rs11711420	3	183349010	T	G	0.0572615	0.00763974	56.17825997511682	TRUE	TRUE	TRUE	FALSE	FALSE	FALSE	FALSE	3	183631222	T	G	0.227035	0.00872448	0.0267871	0.744653	flip	-0.00872448	0.0267871	0.227035	475334	0.0089494966	4254	471080	TRUE
rs7733216	rs7733216	5	82857870	C	T	0.0525522	0.00832774	39.822405294193416	TRUE	TRUE	TRUE	FALSE	FALSE	FALSE	FALSE	5	83562051	T	C	0.292405	-0.00915526	0.0247309	0.711238	same	-0.00915526	0.0247309	0.292405	475334	0.0089494966	4254	471080	TRUE
rs275350	rs275350	6	151016058	C	G	0.0593096	0.0067609	76.9557305525125	TRUE	FALSE	FALSE	FALSE	FALSE	TRUE	FALSE	6	150694922	C	G	0.565537	0.0228284	0.0226147	0.312759	flip	-0.0228284	0.0226147	0.434463	475334	0.0089494966	4254	471080	TRUE
rs2707466	rs2707466	7	120979089	C	T	0.0382082	0.00668279	32.688690914145155	TRUE	TRUE	TRUE	FALSE	FALSE	FALSE	FALSE	7	121339035	C	T	0.421971	0.0165982	0.0228066	0.466747	flip	-0.0165982	0.0228066	0.421971	475334	0.0089494966	4254	471080	TRUE
rs17149723	rs17149723	8	8171487	G	A	0.0436418	0.00735832	35.17612275896982	TRUE	FALSE	FALSE	FALSE	FALSE	TRUE	FALSE	8	8313965	G	A	0.228812	-0.0454557	0.0267423	0.0891764	flip	0.0454557	0.0267423	0.228812	475334	0.0089494966	4254	471080	TRUE
rs4630220	rs4630220	10	105459116	G	A	0.057639	0.00744865	59.87944122931483	TRUE	FALSE	FALSE	FALSE	FALSE	TRUE	FALSE	10	103699358	G	A	0.242862	-0.102803	0.026562	0.000108698	flip	0.102803	0.026562	0.242862	475334	0.0089494966	4254	471080	TRUE
rs10883926	rs10883926	10	105608838	A	G	0.0408093	0.00680101	36.005717024902985	TRUE	TRUE	TRUE	FALSE	FALSE	FALSE	FALSE	10	103849080	G	A	0.678744	-0.00523945	0.0239856	0.827085	same	-0.00523945	0.0239856	0.321256	475334	0.0089494966	4254	471080	TRUE
rs17616633	rs17616633	16	51451683	C	T	0.0451465	0.00674472	44.80436473622818	TRUE	TRUE	TRUE	FALSE	FALSE	FALSE	FALSE	16	51417772	T	C	0.538711	0.0498049	0.0226533	0.0279081	same	0.0498049	0.0226533	0.461289	475334	0.0089494966	4254	471080	TRUE
rs7199751	rs7199751	16	86609302	T	C	0.0499982	0.00818107	37.349820726747275	TRUE	TRUE	TRUE	FALSE	FALSE	FALSE	FALSE	16	86575696	C	T	0.247963	0.0460868	0.0262571	0.0792228	same	0.0460868	0.0262571	0.247963	475334	0.0089494966	4254	471080	TRUE
rs4843553	rs4843553	16	87233185	C	A	0.0480372	0.00677899	50.21406540951729	TRUE	TRUE	TRUE	FALSE	FALSE	FALSE	FALSE	16	87199579	A	C	0.504606	0.00479876	0.0225804	0.831703	same	0.00479876	0.0225804	0.495394	475334	0.0089494966	4254	471080	TRUE
rs1964703	rs1964703	17	19257124	G	A	0.0545047	0.00858312	40.32529362461401	TRUE	TRUE	TRUE	FALSE	FALSE	FALSE	TRUE	17	19353811	A	G	0.794002	0.0299567	0.0279539	0.283879	same	0.0299567	0.0279539	0.205998	475334	0.0089494966	4254	471080	TRUE
rs4793173	rs4793173	17	43127715	C	A	0.0552666	0.00693585	63.49303847830252	TRUE	FALSE	FALSE	FALSE	TRUE	TRUE	FALSE	17	45050347	A	C	0.585779	0.0694218	0.0227769	0.00230446	same	0.0694218	0.0227769	0.414221	475334	0.0089494966	4254	471080	TRUE
rs3744020	rs3744020	17	73871773	A	G	0.110438	0.00852062	167.99434846385088	TRUE	FALSE	FALSE	FALSE	FALSE	TRUE	FALSE	17	75875692	G	A	0.128099	0.0890478	0.0326765	0.00642762	same	0.0890478	0.0326765	0.128099	475334	0.0089494966	4254	471080	TRUE
rs769449	rs769449	19	45410002	A	G	0.0550774	0.0100817	29.84553176219076	FALSE	FALSE	FALSE	TRUE	FALSE	FALSE	FALSE	19	44906745	G	A	0.154884	0.583612	0.0299955	2.558e-84	same	0.583612	0.0299955	0.154884	475334	0.0089494966	4254	471080	TRUE
