snp	rsid	chrom_hg19	pos_hg19	in_apoe	in_17q2131	bp_unmatched	sbp_p	dbp_p	bp_assoc_5e8	bp_assoc_1e5	keep_unrestricted	keep_bpindep_5e8	keep_bpindep_1e5	bx	bxse	by	byse	F
rs4953671	rs4953671	2	43073548	FALSE	FALSE	FALSE	1.602e-13	2.814e-15	TRUE	TRUE	TRUE	FALSE	FALSE	0.0459102	0.007132	0.0107702	0.0256641	41.43770558247976
rs7596872	rs7596872	2	56128091	FALSE	FALSE	FALSE	1.096e-5	0.03633	FALSE	FALSE	TRUE	TRUE	TRUE	0.121317	0.0112368	0.0700193	0.0637408	116.5622769417526
rs76122535	rs76122535	2	203664929	FALSE	FALSE	FALSE	5.542e-4	0.0109	FALSE	FALSE	TRUE	TRUE	TRUE	0.0671589	0.00985281	0.102525	0.0376048	46.46082661621452
rs11711420	rs11711420	3	183349010	FALSE	FALSE	FALSE	0.6093	0.05363	FALSE	FALSE	TRUE	TRUE	TRUE	0.0572615	0.00763974	-0.00244803	0.0291223	56.17825997511682
rs7733216	rs7733216	5	82857870	FALSE	FALSE	FALSE	0.01138	0.04706	FALSE	FALSE	TRUE	TRUE	TRUE	0.0525522	0.00832774	-0.00406834	0.0268221	39.822405294193416
rs275350	rs275350	6	151016058	FALSE	FALSE	FALSE	5.415e-8	1.915e-11	TRUE	TRUE	TRUE	FALSE	FALSE	0.0593096	0.0067609	-0.00667968	0.024518	76.9557305525125
rs2707466	rs2707466	7	120979089	FALSE	FALSE	FALSE	0.05402	0.6545	FALSE	FALSE	TRUE	TRUE	TRUE	0.0382082	0.00668279	-0.0192203	0.0246456	32.688690914145155
rs17149723	rs17149723	8	8171487	FALSE	FALSE	FALSE	8.591e-9	2.87e-5	TRUE	TRUE	TRUE	FALSE	FALSE	0.0436418	0.00735832	0.0504966	0.0289834	35.17612275896982
rs4630220	rs4630220	10	105459116	FALSE	FALSE	FALSE	0.6201	2.751e-11	TRUE	TRUE	TRUE	FALSE	FALSE	0.057639	0.00744865	0.0966877	0.0287825	59.87944122931483
rs10883926	rs10883926	10	105608838	FALSE	FALSE	FALSE	9.876e-5	0.1897	FALSE	FALSE	TRUE	TRUE	TRUE	0.0408093	0.00680101	-0.0191394	0.0260415	36.005717024902985
rs17616633	rs17616633	16	51451683	FALSE	FALSE	FALSE	0.672	0.3479	FALSE	FALSE	TRUE	TRUE	TRUE	0.0451465	0.00674472	0.0420896	0.0245983	44.80436473622818
rs7199751	rs7199751	16	86609302	FALSE	FALSE	FALSE	0.149	0.01693	FALSE	FALSE	TRUE	TRUE	TRUE	0.0499982	0.00818107	0.0454857	0.028443	37.349820726747275
rs4843553	rs4843553	16	87233185	FALSE	FALSE	FALSE	0.7293	0.5147	FALSE	FALSE	TRUE	TRUE	TRUE	0.0480372	0.00677899	-0.00230068	0.0244558	50.21406540951729
rs1964703	rs1964703	17	19257124	FALSE	FALSE	TRUE	NA	NA	FALSE	FALSE	TRUE	TRUE	TRUE	0.0545047	0.00858312	0.0392962	0.0302742	40.32529362461401
rs4793173	rs4793173	17	43127715	FALSE	TRUE	FALSE	3.308e-33	8.419000000000001e-20	TRUE	TRUE	TRUE	FALSE	FALSE	0.0552666	0.00693585	0.0557476	0.024698	63.49303847830252
rs3744020	rs3744020	17	73871773	FALSE	FALSE	FALSE	5.325e-6	4.795e-9	TRUE	TRUE	TRUE	FALSE	FALSE	0.110438	0.00852062	0.0927923	0.0352453	167.99434846385088
rs769449	rs769449	19	45410002	TRUE	FALSE	FALSE	0.02839	0.04401	FALSE	FALSE	FALSE	FALSE	FALSE	0.0550774	0.0100817	0.592276	0.0322795	29.84553176219076
